"ID","prod","X"
"arkansas,carroll",30.3517263275574,0
"arkansas,sebastian",32.2903451568138,1
"kentucky,nicholas",28.4859585337146,2
"montana,prairie",21.8388782704778,3
"nebraska,grant",27.6536636321919,4
"texas,burleson",16.7752637800802,5
"texas,terry",20.2437112939038,6
"texas,yoakum",19.0692733500138,7
"west virginia,berkeley",31.2975698392919,8
"wyoming,teton",21.9936098159547,9
